strategy,universe,hit_ratio,risk_reward,avg_gain,avg_loss,max_gain,max_loss,buys,sells,trades,N,expectancy,profit_factor
inside_up_down,"""MC2""",19.261565313049307,0.3428267942502087,10.267478860350197,9.054001837135688,20.839520010106106,-24.082447813431298,0.0,9.633587786259541,9.068702290076336,131,625.3865715496702,686.6054611764906
spinning_top,"""MC1""",15.02750024123871,0.3005393769654636,119.7880054466931,487.6072280877498,287.8386302094575,-765.5698299864213,2.800675675675676,3.0878378378378377,5.324324324324325,296,12525.186171941674,678.6892564950809
inside_up_down,"""MC1""",22.033464294230175,0.47036692596030866,5336.384202301549,2654.39673762773,17810.088380841964,-8168.824433306116,0.0,8.652027027027026,8.030405405405405,296,309559.8758631099,675.7316412797089
spinning_top,"""MC2""",18.93334963135755,0.38794641326251855,9.770107440306814,9.328933775834384,22.37559390765802,-26.846728359734353,3.4198473282442747,3.564885496183206,6.3893129770992365,131,777.0556185452576,648.5536711833688
tower,"""MC2""",20.168781163548648,0.5063803244432789,12.261781756624414,10.2636132360602,28.72760176871221,-20.35680228052901,26.099236641221374,0.0,25.412213740458014,131,973.1480983912244,625.868481962466
trend_fol_3candle_ma,"""MC2""",26.884831083792367,2.910971492898526,8.077407083507913,9.65387794156939,24.030435186196957,-24.05336967827023,41.213740458015266,28.85496183206107,69.23664122137404,131,870.2199702591587,592.1702029908978
trend_fol_3candle_ma,"""MC1""",23.85365205330749,0.31632653473057776,880.9107238788026,1443.980431956221,7419.9739018496675,-9571.927441166841,35.233108108108105,30.429054054054053,64.70945945945945,296,150115.44411618751,587.6724828899405
tower,"""MC1""",21.503474849298666,0.5631138288649108,2079.7153938256156,1502.119803812949,13130.297237687693,-9449.912478736735,25.97635135135135,0.0,25.216216216216218,296,125593.55221219054,584.5868762063916
three_candles,"""MC2""",25.905114698234136,2.942946098134059,8.548841713660432,8.139330822213829,27.00252373789542,-23.005207576239695,55.29007633587786,48.541984732824424,102.74045801526718,131,791.1566271694876,546.3578303530154
three_candles,"""MC1""",25.364653437927878,0.39266855749034435,818.0232037580074,1034.3494211543746,7452.853623727703,-6625.8195654662995,48.067567567567565,48.945945945945944,95.80405405405405,296,106559.58845647093,543.8321144633785
pattern_hammer,"""MC2""",28.190447573871893,0.6843696532751413,0.7599040305122279,1.047921064767239,6.170934645858779,-7.114560511500765,44.0763358778626,47.3206106870229,73.3969465648855,131,55.014462508576834,450.94520806300426
slingshot,"""MC2""",50.3959928959929,1.9975539886257296,10.25066719692192,6.644250160352109,16.175705270209153,-8.986450366355724,5.099236641221374,0.015267175572519083,3.099236641221374,131,586.8516151030713,378.79291427211155
hammer,"""MC1""",36.46929789432133,0.909194521820664,658.325442884203,1621.194111170541,4667.259723512332,-4096.633811583297,64.42905405405405,56.78716216216216,118.66554054054055,296,61336.23974871694,298.06851555148864
contrarian_barrier_rsi_atr,"""MC2""",39.76369898125623,1.0446569714940157,10.3933770011024,14.377806306479632,13.208736386380911,-22.66661084485192,1.0687022900763359,4.595419847328245,3.49618320610687,131,1037.0965499118038,252.8065483372881
pattern_marubozu,"""MC2""",52.75299995240813,1.3828340207633474,3.492757148281504,2.547938904615414,18.55029013937099,-16.442801794150387,110.06870229007633,0.1297709923664122,99.50381679389314,131,265.28875751472776,231.07557791086143
pattern_hammer,"""MC1""",39.83157095763093,1.1208531391958096,1677.4103352430482,1028.716075026046,9581.016005333531,-9385.10825424879,60.236486486486484,57.86824324324324,97.97635135135135,296,120962.73903858443,217.3594917739336
tweezers,"""MC1""",42.56194034421154,0.9231415504160275,14.236228105074364,17.259822867754888,237.28979761521796,-402.83780309579964,130.7060810810811,138.18243243243242,264.59797297297297,296,1306.6135030722805,156.18815170515526
hammer,"""MC2""",39.47442024367877,1.2733872773588146,7.90179499439981,7.1329480671080985,37.994679540718316,-31.0659862815771,97.57251908396947,86.72519083969466,181.0229007633588,131,711.9999582364042,153.81014177751297
pattern_marubozu,"""MC1""",50.205477147013106,1.097104200815076,1272.4622720424013,1748.1491409813184,10762.95016259058,-13923.515640656778,178.34121621621622,0.7094594594594594,161.26351351351352,296,122784.6774180827,129.95011968538242
tweezers,"""MC2""",44.40164165726209,0.9061446201853792,2.5424080026430524,2.533458183928078,33.77027237458779,-28.907764661551905,177.0229007633588,198.13740458015266,370.35114503816794,131,244.99423884053516,122.91010937156675
contrarian_rsi_divergences,"""MC1""",40.2242395983481,3.6711863955459263,4408.607989917345,2363.5118575147585,15615.007164737575,-9682.925154268325,3.358108108108108,14.83445945945946,15.20608108108108,296,255358.8485236875,108.53407350829373
contrarian_piercing_stoch,"""MC1""",46.651388357725,2.232991697214393,4222.326821157741,2756.188344017012,9746.340827849008,-14687.326131851249,5.766891891891892,7.45945945945946,11.682432432432432,296,227696.05378613964,104.50710695704105
stick_sandwich,"""MC1""",45.28072437419531,1.7038568138832713,1870.2099440591867,3362.2100076587067,8966.607196053175,-10957.187415366894,6.851351351351352,5.837837837837838,11.18918918918919,296,125672.97074913183,93.23611063104426
adx_indicator,"""MC2""",51.57229379992131,1.2297532092712753,16.316556597443657,14.462227230552772,35.759571185043505,-39.135260881625214,8.732824427480915,5.801526717557252,12.603053435114504,131,1342.3386034666426,85.84978303219327
blockade,"""MC1""",48.66137134716752,1.2286117537504053,2105.4389026655745,2451.6046737983506,13394.28920971594,-15515.928668096838,5.625,20.29391891891892,24.58783783783784,296,297887.6225921189,69.19248492776643
quintuplets_2,"""MC1""",42.94556086881005,6.669925784597822,6.002272806861569,4.388041694984136,30.665285232041548,-23.761119775352384,35.182432432432435,52.96621621621622,86.49324324324324,296,438.35056176565035,60.70587568132901
donchian_indicator,"""MC2""",88.3581753285336,4.490354330917488,3.0356559641597105,1.2488125311530824,33.04855840939619,-5.028425589509925,45.61832061068702,45.25190839694657,87.44274809160305,131,377.64427166222043,59.89774552549923
adx_indicator,"""MC1""",51.42919548813534,1.3322633502048016,3569.228244826012,2749.6766826368344,11110.096250060678,-15093.77639923756,9.68918918918919,6.841216216216216,14.70608108108108,296,235517.69466795953,55.975472585545894
contrarian_engulfing_bbands,"""MC1""",45.5266775983315,1.298532007465841,2998.4869846571337,3061.5423800653853,12289.746007872936,-15176.904851838739,12.25,17.10135135135135,28.054054054054053,296,311641.23833914706,48.630867735193355
harami_strict,"""MC1""",49.00218319733253,2.5706043709934896,1550.0545937451095,1863.4208990854165,5181.722563415407,-7307.3252788967375,13.037162162162161,12.121621621621621,23.875,296,172058.2533542896,47.83326744905818
mirror,"""MC1""",48.359140868889305,1.979096484000908,1672.1482581860444,3240.7922611538092,8638.205961308251,-13346.39092054477,36.41216216216216,34.92567567567568,69.4695945945946,296,231240.55326388762,47.21096146931585
quintuplets_10,"""MC1""",42.54902836379749,3.4441772614231105,7.8228094556045376,5.65842398218706,43.150804935370275,-32.19667729311757,39.351351351351354,56.854729729729726,94.51013513513513,296,647.3553970521822,42.369137070848126
tasuki,"""MC1""",49.94072965564573,1.0954656183588376,792.2613084640673,1486.318920658057,4539.839065366409,-11827.32818266528,26.14864864864865,23.091216216216218,47.99324324324324,296,99192.4326938536,38.40464305454325
donchian_indicator,"""MC1""",86.302806053293,4.988407278981111,650.331687593874,581.8814976347168,13632.505188274788,-8070.884331591023,47.9054054054054,47.516891891891895,90.35135135135135,296,102338.41302047877,37.16211034686647
quintuplets_50,"""MC1""",42.32208470802059,4.915765913012512,30.24727473580942,14.141049209817824,136.74146367715173,-51.004467005782395,40.310810810810814,57.888513513513516,96.48986486486487,296,2793.0106902129905,36.14630672431574
pattern_three_line_strike,"""MC1""",50.86969552162107,0.9401506679618283,2179.7227007270794,1369.7920596047093,14409.451108793564,-11960.901187676474,53.91891891891892,0.0,52.54391891891892,296,117350.68208261045,34.905517295559605
trend_fol_h_trend_intensity,"""MC1""",55.31543244687968,1.1270700186652447,1700.4302905857837,2223.6191733785013,12601.100950779859,-11331.550424420511,48.898648648648646,34.854729729729726,82.40878378378379,296,247934.42512938098,32.13745726187285
contrarian_countdown_extremes,"""MC1""",40.348222414836556,1.53720835767129,2191.2036107059366,1516.997586433544,8808.576564866815,-16370.105034323642,19.324324324324323,18.51689189189189,36.597972972972975,296,109855.7395253859,31.579336752264606
harami_flexible,"""MC1""",50.91594824803038,1.1461635162979633,1810.5219332107758,1250.8561919104413,13683.770446374736,-9714.535876060363,33.898648648648646,30.091216216216218,62.73986486486486,296,148404.3226979996,28.327691169097662
contrarian_piercing_stoch,"""MC2""",45.8339370332725,2.0011750417465493,14.681314844649348,11.296842707161666,40.59706213125877,-34.19362296201832,6.442748091603053,9.992366412213741,14.969465648854962,131,1053.7247014318648,26.062079685298045
stick_sandwich,"""MC2""",48.7397322766324,1.6736296316898016,13.127759026634887,11.563852503956577,36.814512371570245,-30.678585656814512,7.793893129770993,7.320610687022901,13.50381679389313,131,1115.1078936301146,25.349026955101305
tf11_rsi_neutrality,"""MC1""",44.409255223171314,1.477025685899534,1965.4755238870357,2084.554452853529,8334.4437572741,-9487.510807835008,14.158783783783784,12.442567567567568,25.04391891891892,296,120070.03329100883,25.295029829184998
h,"""MC1""",51.18722020238141,1.1587078923462475,1225.0187624267962,1606.407749494825,12730.88578145338,-9807.022440096844,84.97635135135135,79.29729729729729,162.4966216216216,296,153906.69602625305,25.164051297277755
contrarian_rsi_divergences,"""MC2""",41.593937878027496,1.834605901327341,12.253230323827857,8.527932495062544,40.15905859691602,-30.2295998538061,3.6564885496183206,16.64885496183206,17.99236641221374,131,956.7458412825406,24.940943435330755
pattern_engulfing,"""MC1""",50.538608836488216,0.9802105122848448,1028.2447825593947,1146.129641718081,4935.196463919585,-9907.477488381026,48.50675675675676,0.0,47.2972972972973,296,58866.32991629863,24.798801288403965
engulfing,"""MC1""",48.15001300077317,1.1131257422535146,973.4414576293633,821.1896266066393,10785.362086361058,-10784.116976394964,65.26013513513513,71.0641891891892,134.64527027027026,296,88286.24485035233,24.721141300798834
harami_strict,"""MC2""",49.61929297991458,1.2022617048134019,10.991297143939265,11.629755565962931,40.82954183972367,-39.523875358051136,14.49618320610687,14.870229007633588,28.19083969465649,131,1148.9661781960358,24.237533984605562
barrier,"""MC1""",48.397405505457876,1.3960251935189922,2038.6384121558,1194.676271187483,9995.284874744186,-8711.025779930333,51.777027027027025,51.5,101.15202702702703,296,146835.8602575637,21.935352538346894
euphoria,"""MC1""",44.81913327491394,1.2611226315892219,1196.278823107978,1081.922875045258,7907.774722000724,-15511.459344460447,70.12837837837837,47.4527027027027,115.96621621621621,296,82317.38778910816,21.38256881248728
heikin_ashi_euphoria,"""MC1""",44.81913327491394,1.2611226315892219,1196.278823107978,1081.922875045258,7907.774722000724,-15511.459344460447,70.12837837837837,47.4527027027027,115.96621621621621,296,82317.38778910816,21.38256881248728
candlestick_euphoria,"""MC1""",44.81913327491394,1.2611226315892219,1196.278823107978,1081.922875045258,7907.774722000724,-15511.459344460447,70.12837837837837,47.4527027027027,115.96621621621621,296,82317.38778910816,21.38256881248728
heikin_ashi_tasuki,"""MC1""",50.48809668649021,1.0005827036689403,788.7892456181307,1040.6073101279878,9114.651782811185,-8204.505169486743,66.57432432432432,66.19256756756756,131.13513513513513,296,94609.57018845803,21.350865155844403
candlestick_tasuki,"""MC1""",50.48809668649021,1.0005827036689403,788.7892456181307,1040.6073101279878,9114.651782811185,-8204.505169486743,66.57432432432432,66.19256756756756,131.13513513513513,296,94609.57018845803,21.350865155844403
star,"""MC1""",47.83352880872792,1.090306995483573,978.988824968323,1176.5167480622551,9152.625954613208,-10596.290642655025,52.570945945945944,50.36824324324324,101.44932432432432,296,96650.67598181339,21.306227753253957
piercing,"""MC1""",50.12160286919465,0.983131098502156,727.6248872626849,872.6747701937409,7679.971550696992,-10043.518900958035,78.5641891891892,88.05405405405405,164.80067567567568,296,83651.34610236593,21.282706518693143
tf14_catapult,"""MC2""",55.13396644204382,1.4079759503422549,8.882023491863025,11.688497170202607,38.964623250808394,-38.231466632222904,17.580152671755727,14.709923664122137,31.129770992366414,131,1208.0379290832052,19.095118352237748
pattern_td_waldo_5,"""MC2""",49.215733178902006,1.0813870126466043,4.180180218490533,5.369560702682314,26.652806908453442,-30.09678484883589,91.78625954198473,91.03053435114504,168.9770992366412,131,485.1898070895154,16.427383178405154
tf14_catapult,"""MC1""",56.63631321018492,1.1872386642125257,724.6674023061232,3924.507586531633,7227.303935664072,-21704.884358381474,15.378378378378379,19.21283783783784,33.24662162162162,296,345785.73017317994,15.328502100274422
k_extreme_duration,"""MC1""",45.792409359586784,1.32051727841887,1822.2865767460682,1290.9167896447175,14127.802024216944,-14739.283798596265,25.533783783783782,25.263513513513512,49.62837837837838,296,131789.80947823217,14.751464105749506
double_trouble,"""MC1""",51.31213824718053,0.9523842855729686,858.7705534561007,985.8338885087444,9821.814368055904,-11306.817239516304,8.797297297297296,66.89527027027027,74.28716216216216,296,116979.23451048156,14.610276725723375
pattern_fibonacci_timing,"""MC1""",47.64707000810304,1.1501464750516275,1478.9111020072044,1332.0187723609677,7997.566316597164,-12809.695984880353,43.722972972972975,48.23986486486486,90.7804054054054,296,99278.02164742383,14.593503099649107
pattern_piercing,"""MC1""",47.51524171568506,1.0707123483534444,703.3237287289919,897.5100305691368,9163.442697253486,-13496.533812980873,93.34797297297297,107.01013513513513,198.19932432432432,296,76601.2160834975,14.510870089995894
heikin_ashi_double_trouble,"""MC1""",55.97027383948732,0.872624076562719,1325.2422872863322,1218.1573940190492,7674.678487981769,-12791.396242187397,100.40878378378379,7.648648648648648,106.3108108108108,296,101115.52638635,11.303823717243148
candlestick_double_trouble,"""MC1""",55.97027383948732,0.872624076562719,1325.2422872863322,1218.1573940190492,7674.678487981769,-12791.396242187397,100.40878378378379,7.648648648648648,106.3108108108108,296,101115.52638635,11.303823717243148
on_neck,"""MC1""",47.54732407117857,1.2073780027865406,647.3065801307264,585.2402745457914,8988.345519289163,-9298.648502052907,154.4391891891892,173.7668918918919,323.10472972972974,296,60096.377324058965,11.285259697479253
contrarian_countdown_duration,"""MC1""",43.150121419625606,1.358529608260314,830.9751722955241,572.6614758785189,7209.139282914937,-10632.129042883653,92.97297297297297,90.44932432432432,180.1418918918919,296,49331.830346602015,11.202763805629408
trend_fol_2trouble_rsi,"""MC2""",61.60277632719806,0.9300792285590403,7.311855160440285,10.60147367598063,38.970706666758765,-46.947212141587016,48.36641221374046,5.33587786259542,52.45038167938932,131,1095.010115395741,9.2168127209272
barrier,"""MC2""",50.45318172322051,1.09042942531977,5.373837678657348,5.283084591781414,35.16746574404732,-33.062479675747326,66.64885496183206,68.08396946564885,132.65648854961833,131,502.0828931929086,8.77885314874112
trend_fol_2trouble_rsi,"""MC1""",56.30901492162182,0.9012993869780301,2420.927107291296,2103.7800843842488,10375.85828208603,-17451.488641708547,48.851351351351354,5.976351351351352,53.48986486486486,296,190969.87287770436,8.104767081427175
trend_fol_bottle_stoch,"""MC1""",54.979583371393815,0.8896212575801341,1827.2435645408937,1563.4060275222357,13192.432512395742,-12646.831217169209,103.20270270270271,1.3108108108108107,101.19932432432432,296,118503.83181389132,7.989735461535034
contrarian_time_up_extremes,"""MC1""",34.481891824127175,1.9891990638293644,875.6286862002688,436.60275514222826,11350.25337694376,-7119.857088323277,50.44932432432432,69.21621621621621,116.9391891891892,296,39791.692384344366,7.796445185975593
bottle,"""MC1""",54.432488208328934,0.8275276343785757,914.1644005380969,1161.5659977653966,11347.088934933661,-10260.995347394155,235.36148648648648,12.496621621621621,242.03378378378378,296,94275.7724810753,7.783049778252857
heikin_ashi,"""MC1""",51.31293840812219,0.9525319507347063,492.084191893419,612.0357170540233,6120.738080253339,-9094.711815434455,191.10135135135135,190.55743243243242,376.7027027027027,296,53157.83654982778,7.772118027058133
tf12_vama,"""MC1""",25.102398157523012,2.917090279965741,2262.358658347818,355.44102017900207,9076.096647801938,-1640.5028311947963,153.84459459459458,154.3918918918919,295.38513513513516,296,49618.49959775049,7.743731079432232
contrarian_rsi_duration,"""MC1""",34.29992379992236,2.321847210398572,1784.782035832103,796.0974327942422,11225.283579037909,-9867.955186819107,36.358108108108105,41.74324324324324,63.17567567567568,296,74840.65191604965,5.311155950612713
tf1_ma,"""MC1""",48.59981479438932,1.2018872356944754,1046.504174582492,1171.9707977984267,15454.249189577622,-13814.478320775928,49.86486486486486,45.398648648648646,92.51351351351352,296,120526.81250484777,4.585187444842402
pattern_td_waldo_5,"""MC1""",49.57751906956612,1.1244723165330484,1023.9569900088833,605.6844959310143,17281.37722609467,-12996.88590785198,153.09797297297297,143.03378378378378,268.4256756756757,296,72405.489533459,4.5767261681858935
pattern_differentials,"""MC1""",48.89537229484151,1.1005274005715182,617.8605415176546,567.1517095532463,9738.905933481927,-10170.753739902988,143.5168918918919,130.88175675675674,271.25,296,51570.48212229859,4.465499352936008
doji,"""MC1""",47.637021074919424,1.1472557528542586,711.5205159871851,649.3658791215794,10783.508513889677,-10977.1180266836,215.22635135135135,210.85472972972974,418.38513513513516,296,58832.64353488592,4.4508647225087286
heikin_ashi_doji,"""MC1""",47.637021074919424,1.1472557528542586,711.5205159871851,649.3658791215794,10783.508513889677,-10977.1180266836,215.22635135135135,210.85472972972974,418.38513513513516,296,58832.64353488592,4.4508647225087286
candlestick_doji,"""MC1""",47.637021074919424,1.1472557528542586,711.5205159871851,649.3658791215794,10783.508513889677,-10977.1180266836,215.22635135135135,210.85472972972974,418.38513513513516,296,58832.64353488592,4.4508647225087286
inside_candle,"""MC1""",49.33549616840393,1.0330424835854966,935.3456327094345,714.717968761061,17400.89808943725,-11841.091867411353,107.54391891891892,107.4695945945946,212.7466216216216,296,87440.3882261299,4.423421068710275
blockade,"""MC2""",44.10562844640435,1.5994830764427388,10.344361097583768,9.308450264483445,38.23037189829618,-34.941804045016795,6.366412213740458,18.755725190839694,23.770992366412212,131,854.6391145944594,3.301201093225983
contrarian_tsabm,"""MC1""",41.778304799371426,2.3263324728722314,707.6416630160547,530.7967090896545,11683.598318359936,-8135.499063756326,75.85810810810811,93.16554054054055,160.96283783783784,296,45259.54784542838,2.6911059199488756
trend_fol_marubozu_k_vol_bands,"""MC1""",50.687522178706985,1.9721046507170232,1635.691446362406,1582.4914916538635,12229.306485191948,-13758.647064929677,149.69932432432432,185.4831081081081,323.5168918918919,296,134931.84611701808,2.170129772764714
pattern_td_waldo_2,"""MC1""",48.58347334718286,1.3729675746819145,1663.4923139968691,1042.5106409643968,12150.399112395375,-10695.992828758885,30.27027027027027,27.7972972972973,56.625,296,140267.73688702384,1.7627153561976165
pattern_engulfing,"""MC2""",57.472458579379314,1.0704751705132811,8.391207034634899,7.965839043413506,44.67917220661299,-40.49013365543817,59.55725190839695,0.0,58.396946564885496,131,890.604425457301,1.5771426443040235
trend_fol_bottle_stoch,"""MC2""",60.87950556985574,0.8928485561888677,5.460569968313185,7.837798832003531,36.894130133268696,-43.4976719420061,91.2442748091603,0.7480916030534351,89.54961832061069,131,763.2839697942181,1.4854732820256475
heikin_ashi_double_trouble,"""MC2""",61.408485571043045,0.8326986680060211,5.05013524833868,6.331682615382613,34.14080004552443,-41.30509578580764,108.45801526717557,6.2748091603053435,113.1526717557252,131,686.3420974622987,1.4493106001943106
candlestick_double_trouble,"""MC2""",61.408485571043045,0.8326986680060211,5.05013524833868,6.331682615382613,34.14080004552443,-41.30509578580764,108.45801526717557,6.2748091603053435,113.1526717557252,131,686.3420974622987,1.4493106001943106
pattern_three_line_strike,"""MC2""",57.3298933885627,1.0027627340085783,6.502233658675733,7.130263652888396,36.745160755125184,-39.10800478617175,66.29770992366412,0.0,65.06870229007633,131,778.1304842100581,1.423095368149437
elder_impulse_2,"""MC2""",54.44906423045066,1.1155959119872196,5.535423644225287,5.403314167345971,41.6789674177496,-40.70100805289389,95.00763358778626,0.0,92.83969465648855,131,598.4543842907939,1.4037543274023276
squeeze_momentum,"""MC1""",48.78298514944848,1.4223674258172623,1894.9840076895398,1537.3048025590178,13055.095449730783,-7988.750422919712,45.34121621621622,45.95945945945946,88.83108108108108,296,171400.48013096617,1.397293243341804
tf1_ma,"""MC2""",49.63280982223098,1.2813866286371658,4.645319564376733,4.064339701624234,39.732073838661094,-40.94973566452139,55.97709923664122,50.67175572519084,104.14503816793894,131,424.94986586850024,1.3427499774298772
tf11_rsi_neutrality,"""MC2""",46.644413291241264,1.2448913807511128,9.706666966844416,11.264764150749949,36.45954271099847,-37.712396282580926,12.129770992366412,13.488549618320612,24.31297709923664,131,930.043944628712,1.3426710358939524
contrarian_dual_bbands,"""MC1""",43.56014555809493,1.6206796789180675,2045.7039675305246,1163.5056324367547,14494.8555552363,-12542.238034385982,34.59121621621622,47.875,80.73986486486487,296,129053.17076756437,1.3302936281859672
harami_flexible,"""MC2""",51.84077421923952,1.1166162929781187,6.836719945679641,6.886278573840886,37.45175537685648,-39.534306076483205,41.6412213740458,39.47328244274809,79.90076335877863,131,693.0742078691371,1.309567023128194
tf6_supertrend_flip,"""MC2""",55.19320873721878,0.9952287306858978,5.003599077825816,5.210237931989108,34.183938124533576,-38.73020651003435,141.59541984732823,0.0,139.34351145038167,131,561.7545055416725,1.2626759277182944
contrarian_aug_bbands,"""MC1""",41.44150521163479,1.6721274488822062,1506.5055938603452,940.9390346050293,9991.068446634037,-10637.016369964327,54.601351351351354,70.25337837837837,122.04391891891892,296,85969.51724392842,1.2601387838483706
tf2_ma,"""MC2""",37.17718588973253,1.8836647665757813,10.61791875827071,5.948217280152387,48.14549602453817,-24.525065730468707,29.48854961832061,29.328244274809162,57.587786259541986,131,614.0703696094885,1.2582461253616104
contrarian_countdown_extremes,"""MC2""",43.26068010574483,1.4958478602170757,9.717980958931122,7.888695026337999,40.62549769705419,-42.040556355232056,22.12213740458015,27.603053435114504,48.6412213740458,131,744.8113762373415,1.2448443333648664
mirror,"""MC2""",48.73695892536152,1.1405308042410756,6.389286887794209,7.094690339975275,35.30412571238091,-38.93180663490228,48.282442748091604,44.717557251908396,91.40458015267176,131,674.3305147048396,1.2330781596318707
tf3_rsi_ma,"""MC2""",40.549993095115155,1.7456087840243322,5.924962100015802,3.330367326245791,40.894373115846584,-31.160047267714507,71.44274809160305,60.152671755725194,126.34351145038168,131,374.85103978970557,1.213813592266565
pattern_td_waldo_8,"""MC1""",49.75780484260336,1.1655531103989978,1952.4673557742215,1547.1736944747272,19537.287105721003,-12694.921130652632,46.020270270270274,45.63513513513514,89.82094594594595,296,174443.99342517293,1.2137050428919398
contrarian_rsi_extremes,"""MC1""",32.44423273428296,2.4177149016957022,2111.568055082046,891.8056923201582,11094.998832009285,-9169.887704170389,37.314189189189186,49.13175675675676,74.9054054054054,296,83043.42711616759,1.2125377800647863
pattern_td_clop,"""MC1""",48.82680288589711,1.2422450143354737,455.8420203274137,459.5233010059846,9349.660210197255,-9141.928567745403,230.03040540540542,254.09121621621622,477.0472972972973,296,46784.9830471107,1.2110188263087818
tf3_rsi_ma,"""MC1""",42.395402232766344,1.5569482017558978,1028.6300938324266,903.1610153403019,9588.450729820754,-12775.045274704398,73.30743243243244,64.47972972972973,116.17905405405405,296,84767.64516558507,1.2022646181584606
elder_impulse_2,"""MC1""",51.03200971092511,1.094210498722151,1525.8806010308222,1319.4865558757078,14534.019291164986,-11051.442947600024,90.58783783783784,0.0,87.75,296,102324.3632259688,1.198326174137083
contrarian_fisher_duration,"""MC1""",40.4053912463975,1.670107703787582,1928.2354504152695,847.2711367068357,9909.084445998875,-10306.037069617467,47.24662162162162,45.814189189189186,83.4054054054054,296,70508.0848181114,1.1698893789081275
contrarian_real_range_extremes,"""MC2""",49.042920306166664,1.1979794060317177,4.296401347212573,3.532966217790216,34.378891894647325,-29.250424008784726,257.6564885496183,17.82442748091603,269.2977099236641,131,379.2989834917917,1.1696701755452878
tf9_tii,"""MC1""",47.50540273602911,1.1948396412048834,796.3288245129245,1156.250697390008,11059.746263149224,-10313.30957229668,66.25675675675676,60.729729729729726,124.22635135135135,296,105392.91802502931,1.1600916986803596
contrarian_fisher_extremes,"""MC1""",45.81433134648209,1.3382899036971527,1355.3385555808886,780.2326299179998,10313.878723124119,-11617.505148208873,115.0641891891892,120.95945945945945,219.1891891891892,296,77104.03776800289,1.1597529569056535
bottle,"""MC2""",58.99100630168751,0.7948216104192134,3.327824241085869,4.251211004141974,30.822583072077865,-40.75999416631222,262.206106870229,16.297709923664122,274.29007633587787,131,436.6602426719933,1.1594050296194949
euphoria,"""MC2""",47.16328294595756,1.2427800695185935,5.378639780858249,4.331061142738114,35.60457204547404,-33.68568705762443,86.3587786259542,67.86259541984732,152.70992366412213,131,448.20222610624296,1.1442742155569603
heikin_ashi_euphoria,"""MC2""",47.16328294595756,1.2427800695185935,5.378639780858249,4.331061142738114,35.60457204547404,-33.68568705762443,86.3587786259542,67.86259541984732,152.70992366412213,131,448.20222610624296,1.1442742155569603
candlestick_euphoria,"""MC2""",47.16328294595756,1.2427800695185935,5.378639780858249,4.331061142738114,35.60457204547404,-33.68568705762443,86.3587786259542,67.86259541984732,152.70992366412213,131,448.20222610624296,1.1442742155569603
contrarian_real_range_extremes,"""MC1""",47.78071637543337,1.2206147124060245,1048.1380108049557,687.1887842892183,12040.846263915279,-7424.778970535422,283.6554054054054,49.58445945945946,317.3817567567568,296,71812.58817506472,1.1370078921738944
pattern_td_waldo_8,"""MC2""",49.7471813450456,1.1215526494768322,5.841129339597189,4.923335260129763,40.96109618253281,-35.503051953411436,57.93129770992366,55.595419847328245,111.74809160305344,131,525.569878136346,1.1259851384974817
tf6_supertrend_flip,"""MC1""",50.78240479515093,1.0505290462269699,1675.1592756584491,1249.426284351734,9471.770554094686,-13591.562486547702,131.0777027027027,0.0,127.75337837837837,296,96117.17731000157,1.122710935269894
contrarian_engulfing_bbands,"""MC2""",46.24648281611423,1.1953541737905087,10.586555124225514,9.429495934032254,42.387038134738155,-44.75530004242061,15.366412213740459,23.587786259541986,37.770992366412216,131,898.7304562997331,1.1151077524593376
tasuki,"""MC2""",49.549329468855404,1.0537634019211979,7.506405827105426,7.610938901471727,38.27767998592672,-39.73173027325878,36.99236641221374,31.64885496183206,67.44274809160305,131,742.5025961566947,1.110404432927852
doppleganger,"""MC1""",50.41664263851983,1.0873491835618896,1208.3791258114547,1145.5075379795628,12763.438194382434,-13657.265785232223,197.72635135135135,216.34459459459458,394.7027027027027,296,121425.16702538567,1.107853501176313
pattern_td_waldo_2,"""MC2""",48.11580031616736,1.0718497101217912,8.068224060682127,7.942113813563133,38.016211652889325,-37.38676543831831,26.435114503816795,27.641221374045802,52.87022900763359,131,764.4538292865478,1.0915466919557069
contrarian_countdown_duration,"""MC2""",44.39809831611166,1.356256306167054,4.855807253724279,3.6236578325540987,37.2549455080977,-31.857014163552673,100.22137404580153,122.08396946564885,219.9770992366412,131,366.7416153730401,1.0896408130572914
contrarian_dual_bbands,"""MC2""",42.8344428386816,1.4165401896930288,8.204325522920094,6.287200774086088,40.42223277689007,-31.919157226470997,35.16793893129771,52.83969465648855,86.70229007633588,131,628.650246153346,1.0883386133208854
pattern_td_trap,"""MC1""",49.52225328121307,1.042211223742848,557.4779626110703,620.0803331888139,9072.50849015137,-8623.401671571666,171.05743243243242,170.71959459459458,337.3581081081081,296,59022.37958629276,1.0880672399954965
pattern_td_camouflauge,"""MC1""",50.39853609748822,1.0431586119268064,589.3971586930445,605.8664429088524,10197.994364653612,-12710.22243543524,116.9358108108108,126.54729729729729,239.83783783783784,296,60851.49088880832,1.0846547108293347
trend_fol_h_trend_intensity,"""MC2""",59.82268399962356,0.7014349662004111,5.1468290112669814,7.538730246596871,33.92035747522213,-42.273036633211454,75.80152671755725,45.152671755725194,119.61068702290076,131,744.6071209237273,1.0840490298567196
contrarian_disparity_extremes,"""MC1""",55.34739202508737,0.8690743182927368,349.84547037491814,387.6798531525362,8088.770207319327,-7194.030414418536,615.2331081081081,634.375,1200.287162162162,296,39146.41527502105,1.0835223752595728
contrarian_demarker_extremes,"""MC1""",45.08432001945728,1.2983276057139428,637.3843285469259,535.3914682239973,9117.289619904523,-9956.196355829783,240.1891891891892,269.43581081081084,490.9594594594595,296,52523.08081945344,1.083247223150213
contrarian_rsi_extremes,"""MC2""",29.381736881674684,2.5539380223862174,12.756714776315283,5.060640177027833,48.87349513070001,-32.88277929451525,29.236641221374047,49.908396946564885,77.87786259541984,131,527.5495407006589,1.080292630511519
k_extreme_duration,"""MC2""",45.10968928530217,1.257617867184405,8.883708388787367,7.481161033921722,36.9520847065412,-38.371439163812205,28.81679389312977,31.755725190839694,59.51145038167939,131,715.0444713930486,1.0781465214393466
tf2_ma,"""MC1""",37.38603583925291,1.683577067211305,1644.7014485407665,1586.3045749649316,12092.821691861382,-8716.712065168522,27.70608108108108,27.54391891891892,53.597972972972975,296,132932.7020706479,1.0736132837808137
tf9_tii,"""MC2""",48.12282362966054,1.1411471688542212,5.664414036614709,5.356394994605552,36.52770100693662,-29.692636000936652,74.89312977099236,61.29007633587786,134.40458015267177,131,527.3525630626186,1.0734694538797278
elder_impulse_3,"""MC2""",33.986374629008196,2.0143973287010883,6.064224695847269,3.0735587916101488,43.61211562835037,-21.96758338171909,85.06106870229007,85.46564885496183,168.44274809160305,131,317.99723862647056,1.071365210237957
contrarian_bbands,"""MC1""",41.777206079191245,1.4813001774254098,823.093916155002,696.2744918309847,8176.6907479910315,-11027.070430797688,137.16554054054055,161.21959459459458,293.7094594594595,296,60837.18255324403,1.0712646907307855
tf4_macd,"""MC1""",33.765022331799756,2.019633236837209,1607.7497032354306,994.9816553075811,15105.625773022926,-9207.377607651617,61.932432432432435,61.932432432432435,121.35810810810811,296,82640.28648191883,1.0711446061487944
contrarian_stochastic_duration,"""MC2""",52.32879870919096,0.9700716449696632,1.7215797817995595,1.7566011196277032,20.903844913523667,-24.015631414771757,1382.969465648855,0.0,1355.1984732824428,131,179.74392412778923,1.0663334665369564
pattern_fibonacci_timing,"""MC2""",48.92126855015993,1.1041675912407494,6.893755989298497,6.566147274634975,35.68338781103968,-36.67234941822062,49.0763358778626,65.74809160305344,113.69465648854961,131,639.871531680478,1.0644994980974085
contrarian_rsi_duration,"""MC2""",31.181481603409367,2.310798739271971,12.002467888124986,5.447415282126098,45.38116061656412,-35.389118164802284,24.80916030534351,43.48091603053435,66.62595419847328,131,528.1852625630722,1.063406610455736
pattern_td_waldo_6,"""MC2""",44.055106921060755,1.34471186364175,2.124822664812951,1.6120984466749184,32.34332757529238,-27.58796635812138,556.7862595419847,242.64885496183206,785.6488549618321,131,163.371957644885,1.062522270054028
elder_impulse_3,"""MC1""",33.85131310425615,1.9739971233979534,1345.1610753326424,854.9845463897578,15821.89291103884,-8017.216363687669,80.26013513513513,80.39527027027027,157.38851351351352,296,75503.87310315347,1.0621833943333499
piercing,"""MC2""",50.82739574965873,1.0085314051481775,3.8664830440380973,4.064037188773562,32.77866190378092,-34.84662238022443,97.27480916030534,113.08396946564885,208.77862595419847,131,394.32156438154607,1.0617868672913886
contrarian_aug_bbands,"""MC2""",39.87294358705913,1.5675018865435137,7.431957846479481,4.882623738358313,38.00261301450913,-32.1946785090771,54.25190839694657,78.30534351145039,131.1145038167939,131,489.8506656266653,1.0571224989215138
slope_indicator,"""MC1""",42.97895445182927,1.389666405973033,776.849021018141,620.5799477978032,12186.16814091747,-12205.16755227826,139.33445945945945,140.94932432432432,273.6993243243243,296,55760.50008770118,1.0562797825370212
contrarian_doji_rsi,"""MC1""",45.431426948751444,1.2599133964775184,1579.1368265917438,882.1912542824836,13595.055457810442,-9073.444155414612,233.65878378378378,239.11148648648648,334.22635135135135,296,102922.29120606098,1.0541297671269536
marubozu,"""MC1""",47.89292258106424,1.1302254313339202,943.7523384503605,727.2078839841305,10404.643856346378,-8181.869554249973,471.47972972972974,446.47297297297297,878.1824324324324,296,82655.80375197926,1.0510476389359562
tf5_ma_slope,"""MC1""",38.347855114426395,1.6503122648960042,1307.9339079243045,932.1416028657059,15971.383342792771,-9190.186476429892,70.19932432432432,70.0641891891892,136.64527027027026,296,96470.30836819456,1.0480552420716591
pattern_differentials,"""MC2""",49.90564872286677,1.0489224855201122,3.3895788247588103,3.28117186842249,30.730191046676342,-32.44816034475952,160.38931297709922,164.94656488549617,322.5496183206107,131,333.6130838707911,1.0480057458522176
h,"""MC2""",53.35315879300175,0.9023817827187189,3.9607986431209783,4.553458724893283,30.7327633989084,-34.70190224201527,127.59541984732824,107.89312977099236,233.6412213740458,131,453.54722776993447,1.0480053055899488
engulfing,"""MC2""",48.454039194000835,1.1049703466282839,4.640604262644541,4.118266809188184,32.620546458322124,-33.41876580850152,80.93893129770993,91.01526717557252,170.36641221374046,131,414.1911675740532,1.0478372605352266
tf4_macd,"""MC2""",33.70950308280967,1.9993155711529975,7.208011564661985,3.849926993891009,47.38215474355039,-21.285952258558773,66.45801526717557,66.42748091603053,131.10687022900763,131,368.4640378810222,1.0456173524803054
contrarian_fisher_duration,"""MC2""",39.09004704843562,1.589268383873337,9.19704927980892,5.829318043310976,43.99626283785574,-39.50440371759464,34.87786259541985,50.54961832061068,83.6793893129771,131,587.9824251430188,1.0442744995226678
pattern_td_waldo_6,"""MC1""",44.06902420790465,1.3212465359726877,377.23046821366273,221.58523371058854,13982.682825879485,-7888.26393098802,482.75,211.77027027027026,678.6013513513514,296,24330.022559462956,1.042641485392831
doppleganger,"""MC2""",49.8693106664764,1.0300207814071891,2.9497962794386328,2.974439207687019,35.83609549900764,-33.4713674640084,236.09923664122138,268.9236641221374,491.0381679389313,131,279.6029021682705,1.0411962618445865
contrarian_stochastic_extremes,"""MC2""",43.85965400985196,1.4096256094460804,2.194786997089903,1.6363572019648325,26.129341176529774,-20.990287829626347,833.5038167938932,280.53435114503816,1090.530534351145,262,165.91660162168114,1.0390463455114038
vertical_horizontal_cross,"""MC1""",49.222739507749814,1.0509243515427338,721.7560516652622,591.2802701900666,10338.87724278725,-8054.005854105402,104.12837837837837,104.20608108108108,199.8783783783784,296,68911.89307799979,1.0350241708290433
pattern_td_open,"""MC2""",49.55200225328971,1.0514174629918593,2.0424003035245795,1.952149283766233,26.52981706221222,-24.67601913044886,425.51145038167937,497.3206106870229,907.6412213740458,131,196.40120155742025,1.0347216579587901
contrarian_doji_rsi,"""MC2""",43.307037659461216,1.3394338451321632,3.6758524031886797,2.85327952198698,34.088670889597715,-30.416494633200006,150.0763358778626,225.21374045801528,358.36641221374043,131,284.0919011551772,1.031121432052804
awesome,"""MC1""",50.40198878824326,1.0133856000017634,287.82970009749437,287.6917400326155,9212.908003975608,-7872.7629908915405,942.3277027027027,920.7162162162163,1752.3716216216217,296,28556.672487354706,1.0308522534191165
contrarian_fisher_extremes,"""MC2""",44.89380935543523,1.2416420790551068,5.28577773383013,4.409024627796664,33.63500746275267,-31.93873683031526,98.4885496183206,122.68702290076335,216.21374045801528,131,423.96873912953555,1.0282471252395589
trend_intensity_ind,"""MC1""",53.400348435667574,0.8926298248584887,392.4303652516003,460.6488309364957,11060.958289960648,-13244.272428350543,36.726351351351354,536.9695945945946,541.7837837837837,296,47606.14797602399,1.0264683979122073
heikin_ashi,"""MC2""",51.88566465061908,0.9459839734803813,2.7645524983998957,3.0161761190599785,27.09019223453357,-29.534395290529005,225.40458015267177,246.72519083969465,467.62595419847327,131,296.181019113946,1.025625937942072
aroon_oscillator,"""MC1""",53.32068931146,0.8895322139051781,409.157692322907,538.5072519950037,7592.322561082369,-8724.182414585812,335.2635135135135,279.9527027027027,593.6182432432432,296,54996.96326769677,1.0251046677695281
pattern_piercing,"""MC2""",47.232440656967576,1.129030069845617,3.6359294136528013,3.355534842961883,31.877917598131294,-30.91649046298244,124.62595419847328,143.94656488549617,266.3893129770992,131,327.232692672255,1.0244485286228968
contrarian_disparity_extremes,"""MC2""",55.49033379860081,0.8187331811081406,1.5920794177812816,1.9739925497940458,18.97930389667024,-24.85696006708549,637.3969465648855,715.7328244274809,1328.1221374045801,131,194.68896703270548,1.0239389669548098
pattern_td_open,"""MC1""",49.4283228907733,1.0412888090063466,452.83689703366343,401.0348002706719,9275.625251765752,-8880.138376754769,402.2905405405405,446.4256756756757,819.8445945945946,296,43642.93476258852,1.0220724828644898
heikin_ashi_tasuki,"""MC2""",50.25783160659959,1.0000796757138932,4.2975240156771966,4.3333303418378035,34.91052982528319,-32.49457137134352,92.93893129770993,87.6412213740458,179.10687022900763,131,424.7514682097682,1.0208908407615633
candlestick_tasuki,"""MC2""",50.25783160659959,1.0000796757138932,4.2975240156771966,4.3333303418378035,34.91052982528319,-32.49457137134352,92.93893129770993,87.6412213740458,179.10687022900763,131,424.7514682097682,1.0208908407615633
contrarian_demarker_cross,"""MC2""",40.81744129147611,1.4732170616881373,2.7815680927508004,1.8087291308513462,35.794595644613736,-19.584165591761074,345.3893129770992,345.37404580152673,676.5343511450382,131,184.39923241240527,1.0200634872604128
contrarian_bbands,"""MC2""",40.00952187613627,1.5225591197066564,4.656459431100479,3.0974064390510545,27.731444849674038,-27.16972801280993,147.45038167938932,185.3053435114504,329.6106870229008,131,303.39686713048985,1.01979126536738
macd_change,"""MC2""",63.313341410803496,0.5869442875945379,1.66104888110119,2.978180692622942,21.77677011609543,-28.3426778152107,430.3358778625954,320.8625954198473,735.0229007633587,131,293.5272139627816,1.0187084372223676
pattern_td_camouflauge,"""MC2""",50.295484323404175,0.9912980001627327,3.551344935201531,3.6960474882051852,30.161125210147336,-33.05633703922595,124.95419847328245,147.24427480916032,269.4732824427481,131,359.3469612150488,1.018384839264346
marubozu,"""MC2""",47.4986071338856,1.120754817177675,2.307787587461186,2.1199221773242134,29.346224165564113,-28.593448320569458,544.9770992366413,511.57251908396944,1026.6106870229007,131,213.82781354913573,1.0181857544156712
contrarian_demarker_extremes,"""MC2""",43.41441475754547,1.321660536214359,3.2545877633331033,2.486710956394279,26.75330371722748,-24.780660605814504,246.64885496183206,300.89312977099235,539.412213740458,131,245.23589989022855,1.01692968075896
contrarian_stochastic_duration,"""MC1""",49.74108782849637,1.0257374240364439,403.88799821379655,331.84891884322474,8229.710391006503,-9758.764586419757,1267.1452702702702,0.0,1212.5912162162163,296,30789.498315407673,1.0161773128107634
squeeze_momentum,"""MC2""",47.646123147320544,1.0723522375709207,6.240505433320852,6.294408514925715,36.35171021387405,-32.62600978271604,54.74045801526717,55.33587786259542,108.53435114503817,131,586.1508134819281,1.0152515173445014
elder_impulse_1,"""MC2""",53.73110648610807,0.8706032891292513,1.1974713006806796,1.3741121193292374,19.586074261452683,-22.696986272517552,1225.8396946564885,939.7557251908397,2099.1374045801526,131,137.507240142203,1.0129753383700628
contrarian_countdown_cross,"""MC1""",41.86247849124264,1.393141584549908,615.7742287253861,413.92743992439904,8696.087639520227,-9213.783067273385,291.8243243243243,291.8716216216216,564.4493243243244,296,40611.41889617883,1.0128820503148355
slope_indicator,"""MC2""",42.180005059617145,1.370446733419315,3.5876027969493025,2.5746718035230396,36.828035818927475,-28.709017037449634,148.80152671755727,156.12213740458014,300.4503816793893,131,260.8639507042651,1.0127843616361167
trend_fol_marubozu_k_vol_bands,"""MC2""",50.99893293628727,0.9539340054205245,3.723643112937924,3.8060888690616923,36.33461377061146,-34.52319690724428,156.5648854961832,235.05343511450383,382.0534351145038,131,366.5183690147558,1.0095695055493044
fibonacci_range,"""MC1""",53.361577887309224,0.8794319177561236,151.19624541940428,172.13304817716661,7414.579398776661,-13829.513289596614,143.52027027027026,2202.3817567567567,2210.3986486486488,296,18018.79610478059,1.0091384838681425
on_neck,"""MC2""",47.71132209125074,1.0964245031613495,2.901777010912339,2.764512937510817,30.17950907941679,-32.356803118871746,194.68702290076337,227.53435114503816,417.0229007633588,131,270.6392683190672,1.0068556432018612
tf13_rsi_supertrend,"""MC1""",36.551875749698056,1.688490034431745,1930.314137296894,1016.2888978570556,11013.907239155884,-6778.874987614804,70.98986486486487,68.28716216216216,136.08783783783784,296,107214.79492477688,1.0035772350113206
macd_change,"""MC1""",61.482832517535805,0.6246030687177764,397.67787616074077,684.2594147720814,9763.429573114347,-9803.72945654872,357.07094594594594,316.2195945945946,641.6081081081081,296,66796.22062848827,1.0033339974006474
key_reversal,"""MC1""",49.023786205407525,1.0318711043800977,966.2451952572713,750.885727707445,16977.338859447384,-8865.986426277126,125.22635135135135,122.40878378378379,243.7668918918919,296,96651.8632765968,1.002800522219658
contrarian_stochastic_extremes,"""MC1""",43.011587893478556,1.3822053373115195,501.00634769550004,314.3887740510312,10494.077401810902,-6962.228522662993,767.0084459459459,259.56418918918916,984.8513513513514,592,30628.24577315199,1.0025706275442796
pattern_td_clopwin,"""MC2""",49.659278557781334,1.0086203766255735,2.243057076339425,2.259095793704676,27.10960972051527,-27.819794689446567,318.51908396946567,312.89312977099235,624.236641221374,131,224.52351311280594,1.002138588501065
pattern_td_trap,"""MC2""",50.15247718906807,0.9877191026933404,3.0393964470642962,3.1264193448849844,31.216631619603064,-31.03343776016184,189.4885496183206,176.6793893129771,362.9770992366412,131,306.7981658593661,1.0013794636618927
key_reversal,"""MC2""",49.44168625861329,1.0181900846763228,3.70655792998868,3.638002030456764,33.40723731399771,-34.70918282777939,134.34351145038167,130.68702290076337,262.2977099236641,131,356.9796097244133,1.0011158646563822
star,"""MC2""",48.127626029764066,1.0543806392114026,5.056410475264619,5.040233060087641,38.458724314267144,-39.58711620155345,69.47328244274809,67.04580152671755,135.06870229007635,131,475.4063815195823,0.9998807765098109
vertical_horizontal_cross,"""MC2""",48.364238472837314,1.0534871268242054,4.075319309882581,3.9696665595912246,32.19178459676107,-32.08607460057938,109.3206106870229,109.52671755725191,214.94656488549617,131,379.7744923085375,0.9998682067438551
tf13_rsi_supertrend,"""MC2""",36.70257972781577,1.7006110382510444,6.557652477360391,4.023020944650765,44.72469420127403,-21.679975965678622,77.7557251908397,75.72519083969466,151.6946564885496,131,382.2389045467142,0.9998535508280623
contrarian_rsi_cross,"""MC2""",33.93653444900456,1.943457642479918,2.682090881798936,1.333331792804599,36.00622455400153,-17.39422479746794,491.9312977099237,491.9312977099237,959.3893129770993,131,135.43780418764987,0.9998161556398716
gri_index,"""MC2""",52.4372033867224,0.9040927037485349,1.4277709510766654,1.5679581064050665,20.150574283518324,-21.002304469076343,1006.1832061068702,813.3358778625955,1784.6641221374045,131,156.13254692227554,0.9979212973700657
ichimoku_cloud,"""MC1""",31.21771915383821,2.182291631910862,1687.3294854924227,563.3840914075056,17585.308507622427,-6449.602684467524,251.3581081081081,250.92567567567568,483.3344594594595,296,71327.06460959392,0.996166289493863
pattern_td_clopwin,"""MC1""",49.67195613471512,1.002179769570948,402.70766362389423,403.71862057705374,9411.602279720564,-9314.657014750015,298.31756756756755,306.02702702702703,592.7094594594595,296,39879.81941996683,0.9940617538790189
contrarian_demarker_cross,"""MC1""",41.650853805588085,1.3869096946743313,578.2803087784927,389.1249847023244,9454.72999635587,-7410.240390224764,317.80743243243245,317.8817567567568,610.081081081081,296,39740.0818192601,0.9934027533428754
tf5_ma_slope,"""MC2""",37.78211326771795,1.5971823506083473,5.935534061676433,3.9785386360256134,41.18755400932977,-24.57280640951451,74.8854961832061,74.89312977099236,147.40458015267177,131,374.18820771409344,0.9892090151549339
contrarian_rsi_cross,"""MC1""",35.15186963445292,1.8286754794371054,546.7934070714231,260.24031603624303,10594.694526789073,-5012.822737509059,463.14527027027026,463.32094594594594,884.4054054054054,296,29515.72268693157,0.989050620975144
elder_impulse_1,"""MC1""",53.02152861563972,0.8706660634341046,234.2194773584244,302.1147572139586,7066.5844475934255,-9155.459157814446,1042.337837837838,978.6891891891892,1860.875,296,29004.89923770792,0.9861519071475663
tf7_psar_ma,"""MC1""",31.08284815959639,2.197462095486681,706.1123148053612,314.94228777136414,15116.879441614608,-7519.218351297093,323.06081081081084,323.0472972972973,616.5574324324324,296,30973.83505695551,0.9849042396259196
awesome,"""MC2""",50.52252236677859,0.9628894074322442,1.3512238326922206,1.4149751558299233,20.133988164172525,-21.098502531423662,1035.2213740458014,1016.2748091603054,1997.7709923664122,131,138.8091693660517,0.9845265015058462
aroon_oscillator,"""MC2""",53.12731632039635,0.8650024578490861,2.018456519046371,2.291046183070647,29.56038722835573,-30.279881532299232,429.3587786259542,282.381679389313,697.9160305343512,131,226.8404453446405,0.9839567053386064
inside_candle,"""MC2""",49.536207307653754,0.9905984575075688,3.757465414192345,3.7250673173160465,32.46707942610534,-32.56212582009772,131.89312977099237,125.80916030534351,255.95419847328245,131,366.0266506465481,0.9832685924953318
tf12_vama,"""MC2""",23.58809397513288,3.181140077509099,5.185608770541767,1.6379927379308472,55.34317468207406,-12.567674644976334,161.0916030534351,161.34351145038167,314.7175572519084,131,159.70463211284894,0.9827167088638981
supertrend,"""MC2""",37.332404636186325,1.6310321923909294,4.767158613350624,2.955226180879127,38.92631910210305,-19.07228134373207,141.59541984732823,141.0,279.25954198473283,131,287.4098067632444,0.9823269393503171
contrarian_countdown_cross,"""MC2""",40.51229384981714,1.4334063515414475,3.031070445686998,2.0794424156171396,31.86629916186566,-23.112904229631308,316.69465648854964,316.77862595419845,623.2671755725191,131,201.97785271191017,0.9792376867807641
trend_intensity_ind,"""MC2""",52.66694442827952,0.8745328285222915,1.8543716324801693,2.1998523535450407,28.080308161329008,-34.382143628270995,36.396946564885496,589.1297709923664,609.7251908396946,131,211.12516711566207,0.9787273207614271
doji,"""MC2""",47.33105923560962,1.0817203708392908,2.6930680237782143,2.5234972944866136,32.65552639173282,-32.23808406655573,281.35114503816794,273.31297709923666,546.9770992366413,131,244.90148016206192,0.9774011233045297
heikin_ashi_doji,"""MC2""",47.33105923560962,1.0817203708392908,2.6930680237782143,2.5234972944866136,32.65552639173282,-32.23808406655573,281.35114503816794,273.31297709923666,546.9770992366413,131,244.90148016206192,0.9774011233045297
candlestick_doji,"""MC2""",47.33105923560962,1.0817203708392908,2.6930680237782143,2.5234972944866136,32.65552639173282,-32.23808406655573,281.35114503816794,273.31297709923666,546.9770992366413,131,244.90148016206192,0.9774011233045297
gri_index,"""MC1""",51.7420664547115,0.9058658815578755,296.5431456295741,335.54175847843925,7303.393654629923,-9578.719811863717,827.4222972972973,759.7804054054054,1535.179054054054,296,33798.780766524185,0.9757301533482771
pattern_td_clop,"""MC2""",48.76240002907096,1.0177497098099528,2.4981525891204543,2.4413579255719795,28.729486490887016,-31.28327666497863,261.42748091603056,287.7251908396947,543.587786259542,131,237.30638045117726,0.9744240544960634
tf7_psar_ma,"""MC2""",29.630479459241187,2.3062664703939584,3.3102115610050666,1.3799459907148368,38.13645073384733,-15.314354572837404,336.7709923664122,336.7022900763359,656.7099236641221,131,136.4508879512407,0.9720291371616228
supertrend,"""MC1""",36.24827797267565,1.6768820216830214,1212.8794212392331,777.9861679866309,11168.388167394856,-7489.618852711026,131.0777027027027,130.61486486486487,254.97635135135135,296,84807.5853651281,0.9701717202254724
fibonacci_range,"""MC2""",52.50787261376284,0.8746405760015005,0.9985141152346193,1.1652879880444167,18.473786301585502,-30.242766518171756,164.7175572519084,2303.1984732824426,2380.671755725191,131,112.48372738393755,0.967516981333406
quintuplets_2,"""MC2""",39.64603156903194,1.3405814111219043,4.289468058587557,3.5272024246222506,30.421145656880924,-29.650415421212976,52.404580152671755,79.26717557251908,129.95419847328245,131,315.7743955270409,0.9636153475401206
contrarian_tsabm,"""MC2""",41.76194845779258,1.3098571810859359,4.122072755894079,3.277218458919968,36.89206179704429,-35.475753904901545,66.51908396946565,119.85496183206106,182.93893129770993,131,299.5200943615544,0.9599761342861877
ichimoku_cloud,"""MC2""",30.4858499362464,2.1485424729034226,3.1335546377183143,1.4530970799310805,49.313639231842,-16.466373334668695,293.09923664122135,293.12213740458014,572.6488549618321,131,140.3122538825498,0.943613069543613
contrarian_time_up_extremes,"""MC2""",32.87710146353228,1.867066798231068,6.199004147074733,3.431235089566043,46.42022610264579,-32.55459538657099,43.43511450381679,95.35114503816794,136.53435114503816,131,311.5456106634349,0.9317983624372317
double_trouble,"""MC2""",48.86789936505549,0.9127884640945755,5.937035662456634,7.093329134090495,36.962060277748854,-44.476191342451905,7.519083969465649,70.12977099236642,76.33587786259542,131,634.4274089892648,0.9076136469796251
quintuplets_10,"""MC2""",39.350635225376074,1.3049012678580916,4.907617830643765,3.8415587583077326,47.69230181185572,-34.57097027757557,59.458015267175576,84.25954198473282,141.9618320610687,131,339.16461612078876,0.8632855695174204
quintuplets_50,"""MC2""",39.42140376457371,1.3012807833496942,4.751779818859293,3.952569030747075,40.99585059299617,-34.76968202774121,60.51145038167939,85.12977099236642,143.89312977099237,131,340.13192650470296,0.8616809844166031
